{
    "transform": [
        [
            0.9896178841590881,
            -0.14321717619895935,
            -0.01205348502844572,
            -0.012038592249155045
        ],
        [
            -0.01205348502844572,
            -0.16627302765846252,
            0.9860060811042786,
            -0.019587092101573944
        ],
        [
            -0.14321717619895935,
            -0.9756239652633667,
            -0.16627302765846252,
            0.032358214259147644
        ]
    ],
    "scale": 0.17553550561400874
}